id,name,host_id,host_name,neighbourhood_group,neighbourhood,latitude,longitude,room_type,price,minimum_nights,number_of_reviews,last_review,reviews_per_month,calculated_host_listings_count,availability_365
1,Listing 1,8270,Host 1,Ciutat Vella,Sant Pere,41.36586051052931,2.1830703361068564,Entire home/apt,446,4,156,2026-04-10,1.8190482057046675,8,125
2,Listing 2,1860,Host 2,Eixample,El Raval,41.438087075919896,2.1458286465987038,Entire home/apt,149,9,177,2025-12-18,0.9536299379544733,4,344
3,Listing 3,6390,Host 3,Eixample,Sant Pere,41.43718435277452,2.1595472275611427,Entire home/apt,80,11,97,2026-03-01,1.735311842496975,3,225
4,Listing 4,6191,Host 4,Gràcia,Barri Gòtic,41.35292472830346,2.1670803810757255,Private room,435,5,140,2025-07-17,2.7361876021032154,8,220
5,Listing 5,6734,Host 5,Ciutat Vella,Sant Pere,41.432581675056475,2.1900891500040927,Private room,65,5,128,,4.958864404896247,2,210
6,Listing 6,7265,Host 6,Horta-Guinardó,Sant Pere,41.36288698674735,2.1773519141544746,Private room,186,6,161,2026-04-07,3.3210085653589285,3,24
7,Listing 7,1466,Host 7,Horta-Guinardó,La Barceloneta,41.38351188542592,2.2379087959821624,Entire home/apt,378,1,92,,0.9962297720415703,3,15
8,Listing 8,5426,Host 8,Eixample,Sant Pere,41.42435082562916,2.1745445224358746,Private room,215,1,175,2025-06-18,0.22480720795775566,1,181
9,Listing 9,6578,Host 9,Ciutat Vella,Sant Pere,41.36607598960483,2.248823702223497,Entire home/apt,359,9,47,,0.631782406572553,6,328
10,Listing 10,9322,Host 10,Eixample,Poble Sec,41.43179670241191,2.2277137436617642,Shared room,489,3,176,,2.8127760063652367,2,128
11,Listing 11,2685,Host 11,Sants-Montjuïc,Barri Gòtic,41.43321341779578,2.1312765771536006,Private room,149,4,63,2025-07-17,3.825801644083832,1,41
12,Listing 12,1769,Host 12,Eixample,La Barceloneta,41.400746773376085,2.2395892821965875,Entire home/apt,158,1,60,2025-09-05,4.702096036503734,2,335
13,Listing 13,7949,Host 13,Eixample,Poble Sec,41.35063858717169,2.1174549596828216,Private room,392,9,156,2026-04-19,0.07911585998410409,6,235
14,Listing 14,3433,Host 14,Horta-Guinardó,Sants,41.37870381331749,2.222617456273679,Entire home/apt,222,8,38,2026-01-31,2.613800707809349,4,359
15,Listing 15,6311,Host 15,Horta-Guinardó,Barri Gòtic,41.41169269183758,2.157093494021487,Private room,286,2,127,2025-10-30,2.354336781115884,6,33
16,Listing 16,6051,Host 16,Horta-Guinardó,Barri Gòtic,41.44811861780275,2.2316961480667605,Entire home/apt,211,8,87,2026-01-02,3.28027510987852,9,344
17,Listing 17,7420,Host 17,Sants-Montjuïc,Sants,41.41318135270167,2.2302085035161174,Entire home/apt,442,7,25,2025-11-01,2.79789427232671,8,44
18,Listing 18,2184,Host 18,Horta-Guinardó,Sant Pere,41.37598035810642,2.220888810017643,Private room,265,11,16,,3.435195752912403,1,133
19,Listing 19,5555,Host 19,Ciutat Vella,Poble Sec,41.41340057030996,2.218504565446059,Entire home/apt,313,6,70,2025-10-21,3.2904129237459516,8,20
20,Listing 20,4385,Host 20,Gràcia,El Raval,41.40399853797159,2.145701870864706,Private room,312,1,12,2025-06-17,0.585058624289731,9,121
21,Listing 21,7396,Host 21,Ciutat Vella,La Barceloneta,41.427984539515116,2.112137892457688,Entire home/apt,341,7,68,2026-03-31,3.998589568093598,6,69
22,Listing 22,9666,Host 22,Ciutat Vella,El Raval,41.360698063882694,2.1604470268147744,Private room,323,10,25,2025-07-22,0.6161628785816242,5,351
23,Listing 23,3558,Host 23,Horta-Guinardó,Sants,41.426102790250205,2.126028677247976,Private room,52,7,48,,3.4926531260456857,6,360
24,Listing 24,8849,Host 24,Gràcia,Barri Gòtic,41.404126657867614,2.204242663335369,Entire home/apt,77,13,194,2026-03-13,2.0807268382030335,6,47
25,Listing 25,3047,Host 25,Gràcia,Barri Gòtic,41.4462992003859,2.151914958980668,Entire home/apt,375,9,6,2025-06-05,2.5692536728829896,9,38
26,Listing 26,3747,Host 26,Gràcia,La Barceloneta,41.38418721660387,2.246341530128987,Entire home/apt,477,1,57,2025-10-19,4.516490071878553,4,286
27,Listing 27,1189,Host 27,Sants-Montjuïc,Barri Gòtic,41.4132621893134,2.1961458116018,Entire home/apt,198,2,48,2025-04-27,4.449418632367433,2,9
28,Listing 28,3734,Host 28,Horta-Guinardó,Barri Gòtic,41.44320281055101,2.2233720845451543,Entire home/apt,77,11,102,,4.089281528275148,9,29
29,Listing 29,4005,Host 29,Gràcia,La Barceloneta,41.36025097279907,2.1198787009112774,Private room,359,9,52,2025-11-25,2.5507419022816165,2,243
30,Listing 30,5658,Host 30,Sants-Montjuïc,Poble Sec,41.443722848723645,2.2293021723408932,Shared room,487,13,192,2025-12-24,3.6811990506691656,9,273
31,Listing 31,2899,Host 31,Eixample,Poble Sec,41.418788572230085,2.238413578577009,Private room,114,9,61,2025-10-10,2.5644852775940468,2,87
32,Listing 32,8734,Host 32,Eixample,La Barceloneta,41.356783705910516,2.1730592878228405,Private room,405,13,16,2025-06-01,4.3480304123738875,8,243
33,Listing 33,2267,Host 33,Sants-Montjuïc,Sants,41.380096356694686,2.190937940662647,Private room,70,6,170,2026-01-29,2.0138791661644992,9,328
34,Listing 34,2528,Host 34,Sants-Montjuïc,Barri Gòtic,41.420817208864534,2.214721470135449,Private room,301,6,24,2026-01-05,4.851176722074384,9,14
35,Listing 35,4556,Host 35,Horta-Guinardó,Barri Gòtic,41.35673506014688,2.126225794089062,Entire home/apt,284,4,130,2025-04-28,4.661613791144388,9,3
36,Listing 36,4890,Host 36,Horta-Guinardó,Sants,41.40821704601763,2.1753849114695165,Shared room,276,4,28,2025-05-26,3.7080130972589274,2,190
37,Listing 37,9838,Host 37,Eixample,Poble Sec,41.384588305695296,2.159799454165847,Private room,62,5,116,,1.39707942088036,4,167
38,Listing 38,6393,Host 38,Gràcia,Sant Pere,41.41209155177675,2.1219560988243376,Entire home/apt,362,3,159,2025-07-23,0.658267943966292,7,8
39,Listing 39,9792,Host 39,Eixample,Sant Pere,41.354574203381254,2.15513016334373,Entire home/apt,98,1,25,2026-01-29,4.2735172504659875,2,108
40,Listing 40,9433,Host 40,Gràcia,Sant Pere,41.43715368061524,2.110225846407824,Entire home/apt,167,1,123,2025-12-05,0.8265114306898064,1,136
41,Listing 41,8513,Host 41,Gràcia,Poble Sec,41.447348896917745,2.103871786042423,Entire home/apt,103,12,143,2025-05-30,4.271303944986679,3,153
42,Listing 42,3612,Host 42,Horta-Guinardó,Poble Sec,41.446887785528574,2.1202749433732233,Private room,187,13,24,2025-12-31,2.4538250335618024,4,208
43,Listing 43,8041,Host 43,Ciutat Vella,Sants,41.424965183174294,2.244467266738376,Entire home/apt,102,7,53,2026-03-25,2.0327839190405212,8,271
44,Listing 44,7235,Host 44,Ciutat Vella,Barri Gòtic,41.36300862401306,2.1824294303842526,Entire home/apt,93,1,155,2026-04-06,4.515953894172146,6,142
45,Listing 45,6486,Host 45,Sants-Montjuïc,Sants,41.42582631959291,2.244873324172983,Shared room,352,1,72,2025-09-29,3.0192549127013897,2,98
46,Listing 46,8099,Host 46,Horta-Guinardó,Sants,41.35245869164588,2.1648746817495197,Entire home/apt,102,3,119,2026-01-04,2.883070035648589,9,307
47,Listing 47,1775,Host 47,Gràcia,Poble Sec,41.3522123551529,2.146772419962789,Entire home/apt,123,10,55,2025-07-06,2.793829723121988,2,68
48,Listing 48,9226,Host 48,Ciutat Vella,Sant Pere,41.38236102191495,2.1759212794260367,Entire home/apt,95,4,64,2025-11-12,1.855847580097657,5,246
49,Listing 49,4152,Host 49,Gràcia,El Raval,41.39886431904047,2.1659267532949364,Private room,62,4,92,2025-08-10,3.9282155176456364,4,260
50,Listing 50,2585,Host 50,Ciutat Vella,Barri Gòtic,41.42704074178078,2.1158497026392618,Shared room,214,2,85,2025-05-28,1.263992220078865,7,275
51,Listing 51,4943,Host 51,Ciutat Vella,Poble Sec,41.418329537660654,2.1961239472035308,Entire home/apt,151,1,79,2025-12-08,4.694474800206375,8,78
52,Listing 52,8555,Host 52,Ciutat Vella,Sant Pere,41.39459027063768,2.13240572737644,Private room,329,3,168,,4.469926025234804,5,145
53,Listing 53,4073,Host 53,Horta-Guinardó,El Raval,41.377362666628166,2.1929381932346743,Entire home/apt,307,11,107,2025-07-21,1.6874016283744908,5,110
54,Listing 54,2021,Host 54,Eixample,El Raval,41.449712450015774,2.197530163859723,Shared room,386,4,178,2025-06-27,3.6473188491583186,2,257
55,Listing 55,4843,Host 55,Gràcia,Poble Sec,41.392618130223596,2.1228037279692975,Private room,405,3,117,2025-06-28,2.8661159722479574,8,92
56,Listing 56,8989,Host 56,Horta-Guinardó,La Barceloneta,41.395138702432966,2.1092024440666,Private room,447,8,198,2025-12-31,1.688246509996173,2,12
57,Listing 57,7873,Host 57,Horta-Guinardó,Barri Gòtic,41.36636238211917,2.217114237910266,Entire home/apt,187,10,156,2026-02-11,4.9426082399772335,6,259
58,Listing 58,6675,Host 58,Horta-Guinardó,El Raval,41.429480954875,2.168970063565398,Shared room,212,1,82,2026-03-07,0.12618672924132102,8,108
59,Listing 59,1161,Host 59,Horta-Guinardó,Poble Sec,41.41936822257815,2.1087245693258216,Private room,458,2,146,2026-02-25,1.2632301531064334,6,329
60,Listing 60,5297,Host 60,Horta-Guinardó,Poble Sec,41.37207696127888,2.249229947575465,Entire home/apt,436,13,193,,2.600370305555752,4,188
61,Listing 61,1995,Host 61,Sants-Montjuïc,Sant Pere,41.358238104561586,2.108667084149455,Private room,160,7,168,,2.6097650173928195,4,94
62,Listing 62,8629,Host 62,Gràcia,La Barceloneta,41.418049930207474,2.204255284328783,Entire home/apt,151,4,172,2025-06-21,2.944665374727821,6,104
63,Listing 63,2016,Host 63,Horta-Guinardó,Barri Gòtic,41.41545112142811,2.247551838789512,Private room,66,8,14,,3.7583808601145963,4,7
64,Listing 64,8869,Host 64,Gràcia,Sants,41.37732595269982,2.135877015632389,Entire home/apt,317,11,130,2025-08-26,3.117389152596482,8,66
65,Listing 65,7439,Host 65,Sants-Montjuïc,Sant Pere,41.44508635622504,2.1213374053030796,Private room,231,13,138,2025-07-13,3.001407302640185,9,190
66,Listing 66,8892,Host 66,Sants-Montjuïc,El Raval,41.365105789178095,2.1182077409133644,Entire home/apt,421,3,180,2026-04-17,0.26757231456521646,1,255
67,Listing 67,7863,Host 67,Gràcia,El Raval,41.393233480104264,2.1454912721351396,Entire home/apt,73,6,173,2026-02-23,1.8826514389464917,4,8
68,Listing 68,8916,Host 68,Ciutat Vella,Sant Pere,41.44436159201676,2.115156871651597,Entire home/apt,78,9,29,2025-07-22,1.16027869850578,4,116
69,Listing 69,9529,Host 69,Eixample,Poble Sec,41.39197273169261,2.20382420125412,Entire home/apt,220,1,56,2025-05-29,1.3268505580098773,2,266
70,Listing 70,1878,Host 70,Ciutat Vella,El Raval,41.41385259476641,2.1093437697195094,Entire home/apt,458,1,145,2025-11-23,2.7716873717017245,6,98
71,Listing 71,5887,Host 71,Ciutat Vella,La Barceloneta,41.38975943979628,2.1764133192224686,Entire home/apt,277,8,178,2025-09-02,0.9975265746480422,3,297
72,Listing 72,5859,Host 72,Ciutat Vella,Barri Gòtic,41.37742152023487,2.2495045280779467,Entire home/apt,427,3,127,,1.4697455050844876,7,163
73,Listing 73,7331,Host 73,Horta-Guinardó,La Barceloneta,41.448397764795985,2.2220955404259026,Entire home/apt,237,5,47,2025-12-09,1.1854235425867006,5,140
74,Listing 74,9571,Host 74,Sants-Montjuïc,El Raval,41.3909334006315,2.1922829157346517,Entire home/apt,395,1,193,2026-01-21,4.742514716090974,4,267
75,Listing 75,9684,Host 75,Ciutat Vella,Sants,41.439409920367915,2.145938043117992,Private room,279,5,135,2026-02-27,4.723328660855476,5,36
76,Listing 76,8208,Host 76,Sants-Montjuïc,Barri Gòtic,41.37299546058911,2.193584375443746,Entire home/apt,370,11,21,2025-11-21,3.0497077929802585,8,73
77,Listing 77,6276,Host 77,Gràcia,Barri Gòtic,41.37131047040251,2.179056219586748,Shared room,389,6,5,2025-08-06,4.622612343659499,3,72
78,Listing 78,3062,Host 78,Eixample,Sant Pere,41.35311340828845,2.163912507583556,Private room,168,8,184,2026-02-03,3.9290632273418655,7,307
79,Listing 79,1064,Host 79,Gràcia,Sant Pere,41.41516668253759,2.11960655651103,Private room,205,13,103,2026-01-30,2.949739414009044,6,198
80,Listing 80,9006,Host 80,Gràcia,Sants,41.38685263437238,2.23299063228607,Entire home/apt,321,3,35,2025-07-25,0.03217605748397856,1,129
81,Listing 81,3568,Host 81,Horta-Guinardó,Poble Sec,41.43643582498397,2.1674676973231985,Private room,224,3,78,2025-06-20,3.8625814303970203,7,245
82,Listing 82,6463,Host 82,Eixample,Barri Gòtic,41.39732099066916,2.129193376773115,Entire home/apt,153,12,115,2026-04-13,3.5124417079423442,7,311
83,Listing 83,3027,Host 83,Gràcia,Sants,41.44681934279148,2.1551639026315934,Entire home/apt,141,11,56,,3.07626826641207,1,59
84,Listing 84,3695,Host 84,Gràcia,Sant Pere,41.36855255157031,2.162119462879339,Entire home/apt,235,11,48,2025-11-16,3.8021215584123587,9,278
85,Listing 85,6258,Host 85,Eixample,Sant Pere,41.43686231679556,2.224130684335031,Private room,332,10,172,2025-12-20,2.5646108238738288,6,102
86,Listing 86,6618,Host 86,Eixample,Barri Gòtic,41.427659685279174,2.21004215708421,Entire home/apt,230,9,81,2026-03-13,3.5204163566066953,2,295
87,Listing 87,7736,Host 87,Gràcia,La Barceloneta,41.427092184464406,2.215395734046201,Entire home/apt,219,4,65,,4.675860433632467,5,319
88,Listing 88,1391,Host 88,Eixample,El Raval,41.43447832281169,2.101654689664297,Shared room,236,4,76,2026-03-18,1.8790250792304315,4,340
89,Listing 89,6892,Host 89,Gràcia,Sant Pere,41.426102399094304,2.1624230997269644,Private room,224,12,44,2025-07-24,3.540609174503127,7,150
90,Listing 90,4561,Host 90,Gràcia,Poble Sec,41.41262203216314,2.1722016227452987,Entire home/apt,271,7,78,2026-02-16,2.3784390900547936,8,156
91,Listing 91,7184,Host 91,Horta-Guinardó,Poble Sec,41.36312448776824,2.1028788415234585,Entire home/apt,282,2,19,2025-07-15,3.371998259069908,1,205
92,Listing 92,4099,Host 92,Ciutat Vella,Sant Pere,41.353252617949124,2.138971981311755,Private room,211,8,191,,3.8144666777718204,5,178
93,Listing 93,7278,Host 93,Gràcia,La Barceloneta,41.44208478478157,2.2140434734683203,Entire home/apt,470,6,122,2025-06-16,0.2272625021789798,3,196
94,Listing 94,9392,Host 94,Sants-Montjuïc,La Barceloneta,41.411665031452074,2.12056645585935,Entire home/apt,183,3,66,2026-01-04,3.2330022197433097,1,222
95,Listing 95,4104,Host 95,Ciutat Vella,Sants,41.42965372909762,2.180296519717889,Entire home/apt,440,9,82,2025-05-04,1.1337059220347228,3,88
96,Listing 96,8215,Host 96,Ciutat Vella,Poble Sec,41.39815223515126,2.132280280802586,Shared room,273,5,2,2025-11-14,3.350162689037834,6,286
97,Listing 97,3454,Host 97,Ciutat Vella,Sants,41.36173081889624,2.101818116196584,Private room,202,8,181,2025-05-14,2.3416509296690675,7,275
98,Listing 98,9996,Host 98,Horta-Guinardó,Poble Sec,41.36251857922026,2.1361802186399315,Private room,82,7,63,2025-09-10,3.867763709324436,8,235
99,Listing 99,3731,Host 99,Gràcia,El Raval,41.4185565287229,2.246381063236508,Private room,104,8,39,2025-09-03,0.6170040760279821,4,182
100,Listing 100,9154,Host 100,Horta-Guinardó,El Raval,41.393030589489946,2.2202305667824485,Entire home/apt,491,7,58,,3.1316117582809753,3,208
101,Listing 101,6056,Host 101,Gràcia,Barri Gòtic,41.37005247267003,2.243936496648155,Entire home/apt,56,3,182,2025-10-31,1.3923536446377616,5,129
102,Listing 102,9110,Host 102,Horta-Guinardó,Sants,41.39915945467415,2.1731781065889546,Entire home/apt,293,2,61,,4.264909976652957,9,152
103,Listing 103,4840,Host 103,Horta-Guinardó,Sant Pere,41.356420893707515,2.1164604298016254,Entire home/apt,362,7,131,2025-06-25,4.641917528181537,6,12
104,Listing 104,2028,Host 104,Sants-Montjuïc,Sants,41.40819714019144,2.182193923346054,Entire home/apt,175,3,59,2026-03-17,4.981991468395277,9,121
105,Listing 105,8385,Host 105,Horta-Guinardó,Sant Pere,41.376899340443515,2.1681566001839943,Private room,61,3,115,2026-03-23,3.9800370121364166,6,358
106,Listing 106,1502,Host 106,Eixample,La Barceloneta,41.42975591006372,2.2266535624109425,Private room,65,2,74,2026-04-06,3.7686703521400227,2,219
107,Listing 107,7910,Host 107,Sants-Montjuïc,Sants,41.38103619589236,2.114712387117637,Private room,257,4,121,2026-03-17,1.0775037943377552,5,105
108,Listing 108,7938,Host 108,Horta-Guinardó,La Barceloneta,41.39552201490818,2.173236170553267,Entire home/apt,92,8,106,2025-12-01,1.6800352949505437,9,69
109,Listing 109,5488,Host 109,Ciutat Vella,El Raval,41.35116205399081,2.1225072997040977,Private room,422,12,95,2026-01-03,2.3284127088113977,8,194
110,Listing 110,1206,Host 110,Eixample,El Raval,41.35724468877946,2.148701389033509,Private room,184,1,90,2025-07-04,3.8669052389112486,7,185
111,Listing 111,6134,Host 111,Eixample,Barri Gòtic,41.38924935564067,2.21060356160817,Entire home/apt,277,1,157,2025-12-19,4.574829325389843,1,98
112,Listing 112,6977,Host 112,Eixample,Sants,41.39799388347171,2.171402719405315,Private room,160,12,129,2025-09-26,0.9456955001149231,4,81
113,Listing 113,8721,Host 113,Sants-Montjuïc,La Barceloneta,41.41000205481193,2.1563832427718657,Entire home/apt,356,5,61,,4.611837423350514,7,74
114,Listing 114,8035,Host 114,Horta-Guinardó,Sant Pere,41.379166257870935,2.1591714417855052,Entire home/apt,209,11,48,,3.47812326177029,7,339
115,Listing 115,2484,Host 115,Horta-Guinardó,El Raval,41.41949818861266,2.168917015260898,Entire home/apt,380,5,136,2025-09-18,3.053853653425193,6,191
116,Listing 116,8858,Host 116,Ciutat Vella,El Raval,41.43601223971892,2.2177524815755585,Entire home/apt,313,11,91,2026-03-26,0.9992063564096976,8,324
117,Listing 117,1863,Host 117,Ciutat Vella,Sant Pere,41.42798509888934,2.233812703341035,Entire home/apt,274,12,158,2025-05-27,0.27762516404575277,6,213
118,Listing 118,3790,Host 118,Eixample,La Barceloneta,41.35396188253484,2.2433002029755893,Private room,266,1,123,,2.8423244925396993,3,314
119,Listing 119,8408,Host 119,Ciutat Vella,La Barceloneta,41.39805069472578,2.218035507938294,Shared room,94,6,60,2025-10-31,3.257578416644462,4,317
120,Listing 120,9755,Host 120,Sants-Montjuïc,Sants,41.36049301784182,2.147311034362202,Private room,263,1,47,2026-02-26,1.0539072467734412,3,143
121,Listing 121,6116,Host 121,Horta-Guinardó,Sants,41.374204501586256,2.2032202059129813,Private room,108,5,152,2026-01-15,2.782281029127282,1,215
122,Listing 122,7019,Host 122,Eixample,Poble Sec,41.448666259326714,2.165640468608309,Entire home/apt,181,9,163,2026-02-10,4.282467013812868,5,360
123,Listing 123,2757,Host 123,Ciutat Vella,Poble Sec,41.364249554290154,2.138200593306908,Private room,153,12,135,2025-12-01,4.1753297272751,1,323
124,Listing 124,8574,Host 124,Sants-Montjuïc,Barri Gòtic,41.399888815345136,2.2261307369138885,Entire home/apt,244,5,57,2026-03-15,4.636775902931486,1,14
125,Listing 125,7374,Host 125,Sants-Montjuïc,El Raval,41.41181557343182,2.1057639523443488,Entire home/apt,462,6,100,2025-07-15,1.8294290477844022,2,216
126,Listing 126,7892,Host 126,Ciutat Vella,Sants,41.420246497054414,2.2352642988203137,Entire home/apt,206,8,111,,1.5902478627545935,4,34
127,Listing 127,2678,Host 127,Horta-Guinardó,La Barceloneta,41.4059648683487,2.16922161969371,Entire home/apt,147,11,172,2025-07-20,3.747130029904043,6,182
128,Listing 128,4242,Host 128,Ciutat Vella,Sant Pere,41.35097708474192,2.195580221521242,Entire home/apt,275,1,61,2026-03-06,2.155562025485025,8,269
129,Listing 129,5636,Host 129,Eixample,La Barceloneta,41.3826461308244,2.1989030883308676,Entire home/apt,461,2,38,2025-12-22,0.43774332013890305,3,357
130,Listing 130,2059,Host 130,Ciutat Vella,El Raval,41.40177116433847,2.2342676611059806,Entire home/apt,254,9,57,,1.4140056533524987,1,99
131,Listing 131,7668,Host 131,Sants-Montjuïc,Poble Sec,41.358786649914485,2.195500452325081,Shared room,128,3,98,2026-01-03,2.0929114276574454,3,6
132,Listing 132,4157,Host 132,Ciutat Vella,La Barceloneta,41.38506269312092,2.192090037714009,Entire home/apt,173,6,191,2026-03-23,1.46258212738126,3,29
133,Listing 133,6915,Host 133,Horta-Guinardó,Barri Gòtic,41.35332031087914,2.1099978060841034,Entire home/apt,477,5,43,,1.661027854736608,5,304
134,Listing 134,3693,Host 134,Gràcia,El Raval,41.3578578497155,2.1777612032917806,Entire home/apt,267,11,28,,1.4688795308719538,4,143
135,Listing 135,4627,Host 135,Ciutat Vella,Poble Sec,41.38969232762016,2.1225253501225563,Private room,53,2,58,2025-09-02,0.20749583591539722,4,110
136,Listing 136,6450,Host 136,Horta-Guinardó,Sant Pere,41.363271575404305,2.210615065308223,Entire home/apt,139,7,70,2025-05-01,3.1854735041222124,9,231
137,Listing 137,2663,Host 137,Horta-Guinardó,Poble Sec,41.40675408482616,2.1768332881219012,Entire home/apt,153,4,91,2025-07-12,2.9864621017673465,7,178
138,Listing 138,6592,Host 138,Sants-Montjuïc,Barri Gòtic,41.418946496913726,2.202034166881253,Entire home/apt,442,1,8,2025-08-16,3.266917492393403,4,71
139,Listing 139,8392,Host 139,Horta-Guinardó,El Raval,41.43005866991091,2.1062509350903578,Entire home/apt,168,13,126,,0.9615494801681373,3,209
140,Listing 140,2306,Host 140,Horta-Guinardó,Sant Pere,41.37001502442448,2.1127188024068704,Entire home/apt,182,4,133,2026-03-24,1.4782727080624265,6,219
141,Listing 141,7776,Host 141,Horta-Guinardó,Barri Gòtic,41.36674825822591,2.2074485082094024,Entire home/apt,361,6,156,2025-07-19,3.0980796347246113,3,79
142,Listing 142,6864,Host 142,Horta-Guinardó,Poble Sec,41.36045678403344,2.1108126503998013,Entire home/apt,145,7,185,,2.998137842299607,6,82
143,Listing 143,8526,Host 143,Eixample,Barri Gòtic,41.41364302495437,2.1106885091647887,Entire home/apt,483,7,144,2026-03-28,2.531651546771339,9,41
144,Listing 144,9901,Host 144,Eixample,El Raval,41.42064757264869,2.1018162712852333,Entire home/apt,380,7,143,2025-08-08,1.7520662500509872,6,272
145,Listing 145,6575,Host 145,Sants-Montjuïc,Sants,41.35315861448257,2.243475209744922,Private room,192,3,130,2025-07-25,4.564655023873449,4,190
146,Listing 146,6530,Host 146,Ciutat Vella,Barri Gòtic,41.44362122462437,2.2106262539188513,Entire home/apt,337,6,20,,1.698851211494219,5,172
147,Listing 147,5413,Host 147,Horta-Guinardó,Barri Gòtic,41.35519712836515,2.1529877112753097,Entire home/apt,77,13,63,2026-03-12,2.278095782186258,6,6
148,Listing 148,4748,Host 148,Ciutat Vella,Poble Sec,41.40412963353011,2.1444803371931482,Entire home/apt,327,8,89,2026-03-18,3.3905691547710437,3,154
149,Listing 149,1663,Host 149,Ciutat Vella,Poble Sec,41.420906051945096,2.1524554844618775,Shared room,282,4,35,2025-05-12,2.7151071543338205,8,9
150,Listing 150,2998,Host 150,Sants-Montjuïc,Sant Pere,41.437096912374614,2.2161980296771775,Entire home/apt,66,13,61,2025-09-28,1.734429881821928,4,33
151,Listing 151,8994,Host 151,Horta-Guinardó,Poble Sec,41.421408693213245,2.1992055916605624,Entire home/apt,108,8,169,,2.1782239522825493,8,35
152,Listing 152,2495,Host 152,Horta-Guinardó,La Barceloneta,41.430172808306985,2.1277793351801204,Private room,139,2,75,2025-12-17,3.9724040892675303,3,5
153,Listing 153,4304,Host 153,Gràcia,El Raval,41.383945019254284,2.1261164003001127,Entire home/apt,248,10,169,2026-04-02,1.390645777433062,7,214
154,Listing 154,4763,Host 154,Ciutat Vella,El Raval,41.431482511374654,2.1147593474570097,Entire home/apt,411,9,188,2025-09-20,0.7112761988840771,9,133
155,Listing 155,6232,Host 155,Ciutat Vella,Sants,41.35801148463847,2.1990454079552006,Entire home/apt,490,9,12,2025-07-07,1.5658160091488855,4,284
156,Listing 156,2853,Host 156,Eixample,Sants,41.43948166560605,2.2146558993332603,Private room,75,8,10,2025-12-10,4.247671077439507,8,125
157,Listing 157,7585,Host 157,Gràcia,El Raval,41.40475923761537,2.139756964248751,Entire home/apt,74,10,53,2025-11-13,0.4449485742817333,3,336
158,Listing 158,2291,Host 158,Eixample,Sants,41.43172977699625,2.103141744154637,Private room,443,13,15,2025-10-02,4.9584803668622595,7,173
159,Listing 159,4581,Host 159,Eixample,Sant Pere,41.395231828451834,2.1123257501214643,Shared room,350,10,7,,2.705014494638313,3,151
160,Listing 160,8554,Host 160,Eixample,Poble Sec,41.414357769519654,2.2451790052267544,Entire home/apt,388,1,103,2025-08-31,4.92422871983547,7,330
161,Listing 161,8280,Host 161,Sants-Montjuïc,El Raval,41.40264026609361,2.144316716621613,Entire home/apt,316,2,58,2026-03-16,4.694982110429888,6,25
162,Listing 162,2636,Host 162,Sants-Montjuïc,Sants,41.423158952175534,2.21538347217572,Entire home/apt,230,6,56,,2.264068571054584,2,114
163,Listing 163,4696,Host 163,Eixample,El Raval,41.35816299820306,2.1936995353281397,Entire home/apt,409,10,39,2025-07-08,0.9924553730267455,3,283
164,Listing 164,1698,Host 164,Gràcia,La Barceloneta,41.35603520839906,2.1572909459479344,Entire home/apt,117,5,186,2026-03-16,0.8244238828256922,6,74
165,Listing 165,5737,Host 165,Ciutat Vella,Barri Gòtic,41.37471032340102,2.1308530893293334,Shared room,400,12,129,2025-08-06,1.1999468193497875,4,165
166,Listing 166,1854,Host 166,Gràcia,Poble Sec,41.36595446801132,2.118207962723911,Private room,461,9,93,2025-10-26,3.5506632028226863,6,188
167,Listing 167,9164,Host 167,Horta-Guinardó,El Raval,41.437178356659224,2.19225194520583,Private room,370,5,137,2025-12-18,1.3647499736574393,1,77
168,Listing 168,6855,Host 168,Sants-Montjuïc,Barri Gòtic,41.37192139873581,2.216195067095668,Entire home/apt,98,2,43,2026-02-01,1.7071263480214915,1,89
169,Listing 169,8392,Host 169,Ciutat Vella,Sants,41.44758652558192,2.1965856380311695,Private room,224,10,138,2025-07-18,2.243894019973074,3,175
170,Listing 170,7528,Host 170,Ciutat Vella,Barri Gòtic,41.383689579177116,2.179545319987374,Shared room,101,4,79,2025-06-13,4.566163402107282,8,20
171,Listing 171,6249,Host 171,Horta-Guinardó,Poble Sec,41.368211791568875,2.1062926835147455,Private room,151,9,80,2025-05-23,0.9469670894242305,8,53
172,Listing 172,6172,Host 172,Horta-Guinardó,El Raval,41.42896985071425,2.2452733166391576,Entire home/apt,265,1,1,2025-05-16,0.025132763049015572,4,183
173,Listing 173,2707,Host 173,Eixample,La Barceloneta,41.41587077755009,2.219807128748186,Private room,487,11,177,2025-11-20,0.30048205189085075,6,358
174,Listing 174,6791,Host 174,Sants-Montjuïc,Sants,41.39981957164532,2.1439233055051448,Entire home/apt,237,1,139,2026-02-28,4.523831708400589,8,221
175,Listing 175,6535,Host 175,Sants-Montjuïc,El Raval,41.405536355093766,2.2469955494038274,Entire home/apt,106,12,114,2026-02-13,3.237582324216816,7,314
176,Listing 176,5931,Host 176,Gràcia,Poble Sec,41.42192017782723,2.1902822384454486,Entire home/apt,96,7,89,2026-02-27,1.3652030966390338,7,327
177,Listing 177,4510,Host 177,Eixample,Sants,41.37284547413313,2.187363398731087,Private room,208,11,22,2026-02-02,0.8859625050559555,4,178
178,Listing 178,1202,Host 178,Eixample,Sant Pere,41.44963339160568,2.21221097691443,Private room,223,3,145,2025-06-17,1.4713336831855717,9,275
179,Listing 179,5218,Host 179,Eixample,Barri Gòtic,41.44747931621468,2.221765468213521,Entire home/apt,291,10,61,2025-10-29,0.5739846362564005,6,111
180,Listing 180,9958,Host 180,Eixample,Poble Sec,41.41503256863469,2.1984717910997253,Entire home/apt,331,2,112,2025-06-02,4.707664551422205,3,223
181,Listing 181,5389,Host 181,Sants-Montjuïc,Sant Pere,41.36995424509291,2.11921436195493,Entire home/apt,290,9,127,2025-08-07,3.9210308718263343,5,213
182,Listing 182,3327,Host 182,Sants-Montjuïc,El Raval,41.41802282424313,2.150740125899175,Entire home/apt,419,3,61,2026-03-27,2.3119558845627037,5,58
183,Listing 183,9004,Host 183,Eixample,La Barceloneta,41.35721984089792,2.2392125460489076,Entire home/apt,54,2,37,,4.3248130255760096,5,326
184,Listing 184,3931,Host 184,Gràcia,Sants,41.35306525022058,2.133692341776578,Entire home/apt,133,12,194,2025-12-02,1.2472910214661614,8,108
185,Listing 185,8777,Host 185,Ciutat Vella,Barri Gòtic,41.37576828885112,2.155825053575627,Private room,357,8,165,,3.5856028423609674,9,156
186,Listing 186,1197,Host 186,Ciutat Vella,Sants,41.396262295673935,2.1648115324416293,Entire home/apt,410,10,194,2026-02-15,4.280662495068717,9,190
187,Listing 187,8125,Host 187,Gràcia,El Raval,41.436827250540844,2.1659107484541678,Entire home/apt,297,6,60,2025-12-09,1.783843558116363,6,199
188,Listing 188,2930,Host 188,Eixample,Sants,41.42271690697663,2.191940937374179,Entire home/apt,103,6,128,,3.7873222272535885,6,311
189,Listing 189,7287,Host 189,Sants-Montjuïc,Barri Gòtic,41.42427065212,2.2414613756617063,Shared room,210,10,172,2025-04-26,1.4753617463215467,9,195
190,Listing 190,9800,Host 190,Ciutat Vella,El Raval,41.39254933344481,2.136103906774876,Private room,483,11,155,2026-04-18,1.494285676295154,4,34
191,Listing 191,5282,Host 191,Horta-Guinardó,Sants,41.3845934992547,2.1182252064451377,Private room,471,7,148,,0.5352858927709303,6,245
192,Listing 192,3511,Host 192,Horta-Guinardó,La Barceloneta,41.38710387629846,2.1296205734789906,Entire home/apt,460,7,121,2025-05-04,2.2002902325469935,4,236
193,Listing 193,1659,Host 193,Gràcia,Poble Sec,41.44876495637361,2.2330387350313905,Entire home/apt,275,11,109,2025-07-17,3.648559532487111,1,103
194,Listing 194,3811,Host 194,Eixample,El Raval,41.35401091914125,2.196871621898281,Entire home/apt,64,13,12,,4.701104027856425,7,6
195,Listing 195,8098,Host 195,Ciutat Vella,Poble Sec,41.43670314961225,2.142886018385874,Private room,273,6,154,2025-07-14,3.0189849596454805,6,282
196,Listing 196,7546,Host 196,Eixample,El Raval,41.40786754085724,2.2223920408452926,Shared room,110,4,99,,4.315677688678695,9,0
197,Listing 197,2986,Host 197,Ciutat Vella,La Barceloneta,41.39386154191896,2.2292054994545154,Private room,171,11,134,,4.1124732464511355,7,218
198,Listing 198,9338,Host 198,Gràcia,Poble Sec,41.42252576604152,2.226977150803542,Private room,326,9,21,2026-04-02,0.8667152648764043,7,229
199,Listing 199,3911,Host 199,Gràcia,Sant Pere,41.39866689414247,2.2378389800459333,Private room,95,6,73,2026-01-05,2.4290871445631574,2,171
200,Listing 200,2734,Host 200,Horta-Guinardó,Barri Gòtic,41.43734232380817,2.1378361530260044,Entire home/apt,439,4,180,2025-05-16,0.5846176776269574,9,86
201,Listing 201,2843,Host 201,Eixample,Sant Pere,41.44007018640113,2.213256289311942,Shared room,343,12,131,,3.4107658078081746,9,40
202,Listing 202,9680,Host 202,Horta-Guinardó,Sants,41.392172092687346,2.169080924591121,Entire home/apt,111,3,22,2025-09-26,4.74949834123038,6,122
203,Listing 203,3976,Host 203,Eixample,La Barceloneta,41.37768277972351,2.226299782933509,Entire home/apt,135,4,118,2026-02-02,0.6854472903937825,3,330
204,Listing 204,2959,Host 204,Horta-Guinardó,Sant Pere,41.409235032859335,2.209273601574242,Entire home/apt,495,3,69,2025-12-22,3.6694156540127065,1,297
205,Listing 205,6759,Host 205,Sants-Montjuïc,El Raval,41.44123633456167,2.216467116974959,Entire home/apt,259,2,83,2026-01-22,3.1611907543393047,4,177
206,Listing 206,7694,Host 206,Sants-Montjuïc,Sants,41.371066218900566,2.198424275652161,Entire home/apt,127,5,100,2026-04-10,2.9180251850404986,3,62
207,Listing 207,3385,Host 207,Sants-Montjuïc,Sants,41.412296658356354,2.126614315420456,Entire home/apt,251,2,83,,1.9506011734416961,1,164
208,Listing 208,5736,Host 208,Sants-Montjuïc,Sant Pere,41.413156022009254,2.1817540378345406,Entire home/apt,351,6,160,2025-09-24,1.7756582387690627,3,186
209,Listing 209,2802,Host 209,Ciutat Vella,Sant Pere,41.42331130224153,2.247700460928676,Entire home/apt,446,3,27,2025-12-16,0.2262459450944393,4,208
210,Listing 210,9155,Host 210,Sants-Montjuïc,La Barceloneta,41.36315676851273,2.240608209974568,Entire home/apt,272,6,135,2025-04-28,1.0895435412600674,8,226
211,Listing 211,9120,Host 211,Gràcia,Barri Gòtic,41.42158249646821,2.106476060369552,Entire home/apt,271,11,0,,0.07588441143413449,9,47
212,Listing 212,7616,Host 212,Gràcia,Sant Pere,41.44090325206657,2.1247222223594155,Entire home/apt,52,10,164,2025-08-25,2.9070855279101027,3,223
213,Listing 213,6534,Host 213,Ciutat Vella,Sant Pere,41.36796831088703,2.1197593160181842,Entire home/apt,55,9,62,2025-08-30,0.5292661793895442,6,2
214,Listing 214,5061,Host 214,Sants-Montjuïc,Poble Sec,41.37375433249239,2.2088969864977943,Private room,142,1,21,2025-12-27,4.3650969701485804,5,174
215,Listing 215,1262,Host 215,Sants-Montjuïc,El Raval,41.44713950940417,2.222667799478542,Private room,57,6,69,2025-05-20,2.615715103485826,6,98
216,Listing 216,7287,Host 216,Sants-Montjuïc,Poble Sec,41.36809769527095,2.132026704946601,Private room,477,9,124,,3.4984495452935422,4,115
217,Listing 217,9815,Host 217,Horta-Guinardó,Poble Sec,41.43543850933696,2.1758779039427742,Private room,284,11,148,2026-03-18,2.0542854592024824,6,269
218,Listing 218,3049,Host 218,Eixample,Sants,41.399227785644804,2.22610545420168,Entire home/apt,157,4,95,2025-12-01,2.802899045005243,7,252
219,Listing 219,6423,Host 219,Horta-Guinardó,Barri Gòtic,41.37472310744032,2.209920231714938,Private room,210,11,162,2025-08-05,4.713295884833152,9,316
220,Listing 220,5548,Host 220,Eixample,El Raval,41.43707499012725,2.1813355808237773,Entire home/apt,258,12,78,2025-07-22,0.4136701981183538,7,94
221,Listing 221,4108,Host 221,Sants-Montjuïc,La Barceloneta,41.394530525500265,2.188552153568816,Entire home/apt,289,2,4,2026-04-08,1.2696888596184808,6,272
222,Listing 222,8158,Host 222,Sants-Montjuïc,La Barceloneta,41.40148173539297,2.176254082037442,Private room,380,13,59,,3.8999416345527216,1,23
223,Listing 223,8400,Host 223,Horta-Guinardó,Sant Pere,41.38592333693998,2.144632267697823,Entire home/apt,382,4,119,2026-01-21,0.49368603441332926,2,115
224,Listing 224,4170,Host 224,Horta-Guinardó,Sant Pere,41.4092950851435,2.1847532989288525,Private room,99,1,45,2025-12-08,0.37830551952055425,1,150
225,Listing 225,3255,Host 225,Eixample,La Barceloneta,41.3663523872585,2.2033327953075137,Private room,60,3,177,,1.8077069937701928,9,337
226,Listing 226,2154,Host 226,Gràcia,Sant Pere,41.38910815366518,2.230998437379121,Private room,400,10,175,2025-10-28,0.46083979236216155,9,49
227,Listing 227,5499,Host 227,Eixample,Barri Gòtic,41.446941232233534,2.1954437030968874,Shared room,205,9,133,2025-11-13,2.9253922110310153,7,205
228,Listing 228,7295,Host 228,Horta-Guinardó,Poble Sec,41.37581334327012,2.214168230556474,Entire home/apt,119,10,55,2025-08-04,1.131376254082999,2,334
229,Listing 229,7197,Host 229,Horta-Guinardó,Sant Pere,41.41567366645413,2.124010745243186,Entire home/apt,218,5,109,,4.478489815996862,6,78
230,Listing 230,2648,Host 230,Ciutat Vella,Sants,41.38251900642247,2.1692336211629684,Entire home/apt,321,11,186,2026-01-15,3.9175004042262835,4,69
231,Listing 231,6539,Host 231,Horta-Guinardó,Sant Pere,41.42734731256866,2.1013997429740643,Entire home/apt,117,6,156,2025-04-25,3.4985260304973806,1,26
232,Listing 232,5199,Host 232,Ciutat Vella,El Raval,41.36308736607184,2.1370018296782436,Private room,404,3,198,2025-07-30,3.0847201369225097,1,270
233,Listing 233,9445,Host 233,Gràcia,Barri Gòtic,41.44698210450786,2.2089692572669506,Private room,301,5,103,2025-07-21,4.317328651707316,5,49
234,Listing 234,3557,Host 234,Eixample,El Raval,41.395378954138366,2.2487714927024047,Private room,97,11,76,2025-05-14,1.1153103077137843,2,291
235,Listing 235,6592,Host 235,Eixample,El Raval,41.373605046334646,2.1148767149380823,Entire home/apt,233,8,145,,4.365544213821138,4,246
236,Listing 236,1098,Host 236,Ciutat Vella,Sants,41.357349674733,2.160224147379193,Entire home/apt,369,6,1,2025-05-17,3.9474614921202615,1,263
237,Listing 237,3200,Host 237,Eixample,Barri Gòtic,41.366975790508754,2.220010645304874,Entire home/apt,236,4,7,2025-06-07,3.740804131938428,4,78
238,Listing 238,3961,Host 238,Horta-Guinardó,Barri Gòtic,41.40197739485561,2.130605345194335,Entire home/apt,139,2,74,2026-02-18,2.8062783903746205,6,189
239,Listing 239,5973,Host 239,Sants-Montjuïc,Barri Gòtic,41.38370031764313,2.183262742395343,Private room,495,9,181,2025-11-20,1.2312208048530005,4,46
240,Listing 240,5433,Host 240,Ciutat Vella,Barri Gòtic,41.43288833658826,2.2099606944044514,Entire home/apt,381,13,124,2025-05-16,2.1177395799594816,1,360
241,Listing 241,3869,Host 241,Eixample,Barri Gòtic,41.39308875236618,2.192397817539027,Entire home/apt,188,12,37,2025-09-28,3.967853272694008,7,353
242,Listing 242,1956,Host 242,Ciutat Vella,Sants,41.37487142725877,2.1282037101923126,Entire home/apt,406,1,175,2025-07-13,0.15889242178662222,2,351
243,Listing 243,9352,Host 243,Ciutat Vella,Sant Pere,41.4117144986604,2.153307685302861,Private room,138,1,26,,3.9102538463187915,9,188
244,Listing 244,6699,Host 244,Sants-Montjuïc,El Raval,41.42067772168855,2.2175687676728097,Private room,323,13,19,2025-10-10,1.2003537024378326,3,255
245,Listing 245,7944,Host 245,Horta-Guinardó,Barri Gòtic,41.366704190790095,2.1831339771198026,Entire home/apt,68,4,139,2026-01-23,0.7215460036080151,8,221
246,Listing 246,5493,Host 246,Ciutat Vella,Sant Pere,41.366761921628836,2.100784442031437,Entire home/apt,360,7,42,2025-11-19,0.5785065909015108,8,240
247,Listing 247,5911,Host 247,Eixample,Sant Pere,41.353667142693354,2.214148614004214,Entire home/apt,407,1,188,2026-04-22,0.13625005975407556,3,268
248,Listing 248,4987,Host 248,Gràcia,El Raval,41.423640201506565,2.105296703241036,Entire home/apt,423,9,30,2026-01-05,2.6179324261072647,4,0
249,Listing 249,7015,Host 249,Ciutat Vella,Sants,41.41638045276218,2.2118600674096847,Private room,203,4,90,2025-06-30,1.0912993634686474,2,33
250,Listing 250,2218,Host 250,Ciutat Vella,La Barceloneta,41.397463087574984,2.1303720840247857,Private room,439,3,60,2025-11-09,4.947158828898158,4,78
251,Listing 251,5496,Host 251,Sants-Montjuïc,La Barceloneta,41.434417044896925,2.243711022017907,Entire home/apt,309,1,194,2025-09-08,2.8721837793610288,9,235
252,Listing 252,5735,Host 252,Horta-Guinardó,Sant Pere,41.43056701529501,2.155191112695313,Entire home/apt,157,10,108,2025-08-04,0.6894263467800521,2,333
253,Listing 253,5555,Host 253,Gràcia,Poble Sec,41.40853543643968,2.1490397424507117,Shared room,420,4,90,2026-01-26,3.4438127040568265,3,348
254,Listing 254,9050,Host 254,Eixample,Poble Sec,41.43682712805133,2.122333207549867,Entire home/apt,334,9,162,2025-11-28,4.488717832548627,4,97
255,Listing 255,4446,Host 255,Gràcia,El Raval,41.37058412100368,2.1458406323235324,Private room,108,13,94,2025-06-02,3.725897476848072,5,81
256,Listing 256,2045,Host 256,Eixample,La Barceloneta,41.361191961939774,2.23149761427423,Entire home/apt,174,10,142,2026-03-06,0.3821993051972383,1,191
257,Listing 257,7893,Host 257,Horta-Guinardó,Sant Pere,41.3769749611517,2.249450150644087,Entire home/apt,403,6,143,2025-12-23,4.4794209059632975,7,252
258,Listing 258,2693,Host 258,Eixample,Sants,41.35570868560893,2.155246429576027,Entire home/apt,322,6,12,2025-12-28,3.9696469292998238,7,37
259,Listing 259,4436,Host 259,Sants-Montjuïc,La Barceloneta,41.403116952800104,2.1672915946431814,Entire home/apt,156,1,112,2026-02-06,0.7915195005280717,9,13
260,Listing 260,9754,Host 260,Sants-Montjuïc,Sant Pere,41.4436605692295,2.2083106407304105,Shared room,348,10,34,,0.2589294436640843,4,346
261,Listing 261,6895,Host 261,Sants-Montjuïc,Sant Pere,41.35393435406685,2.232929367069761,Entire home/apt,294,2,186,2025-08-22,2.7865528765715424,6,309
262,Listing 262,4354,Host 262,Sants-Montjuïc,Barri Gòtic,41.36221099140101,2.1889566501280178,Entire home/apt,385,11,148,2026-03-16,0.7801790566998845,2,208
263,Listing 263,1225,Host 263,Gràcia,Sants,41.395219902828345,2.1587288547266743,Entire home/apt,499,6,181,2025-06-04,4.17295476297636,4,356
264,Listing 264,5893,Host 264,Horta-Guinardó,Barri Gòtic,41.443387501752795,2.1618932761272935,Entire home/apt,467,2,157,2025-05-01,1.7916732833583686,2,88
265,Listing 265,8022,Host 265,Eixample,El Raval,41.381615610497676,2.204342721974521,Entire home/apt,296,3,47,2025-09-30,4.564462223682877,5,55
266,Listing 266,6600,Host 266,Eixample,Barri Gòtic,41.40072348086884,2.100482739540642,Entire home/apt,57,4,34,2025-05-22,2.8284408607050286,7,93
267,Listing 267,8996,Host 267,Sants-Montjuïc,Barri Gòtic,41.35415728590504,2.192938400618976,Private room,190,11,85,2026-02-27,0.9133619211983407,1,92
268,Listing 268,8683,Host 268,Sants-Montjuïc,La Barceloneta,41.36483432009621,2.1533239515662035,Entire home/apt,411,5,165,2025-12-31,0.6979943367990005,7,339
269,Listing 269,5642,Host 269,Ciutat Vella,Poble Sec,41.44866301229589,2.2191295996915628,Entire home/apt,57,9,158,,2.8823621877887695,6,84
270,Listing 270,8679,Host 270,Horta-Guinardó,Sant Pere,41.44651186964361,2.11394859597347,Shared room,401,12,151,2025-07-31,3.8094180593122196,6,244
271,Listing 271,9208,Host 271,Gràcia,Sants,41.35049399809344,2.1882303400422587,Entire home/apt,143,4,113,2025-07-11,3.9075282387109107,8,21
272,Listing 272,8339,Host 272,Eixample,Barri Gòtic,41.44518117854233,2.1721459334829185,Shared room,370,13,176,2026-02-19,1.3787870222064065,8,290
273,Listing 273,3205,Host 273,Ciutat Vella,Sants,41.413911993781554,2.196348828885784,Entire home/apt,476,11,99,2025-08-28,1.0212337945608374,6,271
274,Listing 274,2069,Host 274,Ciutat Vella,Poble Sec,41.436791829452005,2.1097280391724453,Private room,88,9,159,2025-07-10,0.08378152246191206,3,305
275,Listing 275,4444,Host 275,Eixample,Poble Sec,41.395473985563385,2.1869975681142195,Private room,130,11,182,2025-09-08,3.395995756005847,5,121
276,Listing 276,2060,Host 276,Gràcia,Barri Gòtic,41.40155960285793,2.1842226881939286,Private room,236,10,185,2025-08-07,0.3828412921676949,2,127
277,Listing 277,3327,Host 277,Ciutat Vella,El Raval,41.39888465802569,2.1840990141624257,Shared room,133,3,98,2025-07-16,2.103806008829629,5,112
278,Listing 278,4420,Host 278,Ciutat Vella,Barri Gòtic,41.41668642575461,2.190523149989468,Entire home/apt,137,8,2,2026-01-31,3.0084108200914805,9,272
279,Listing 279,1301,Host 279,Horta-Guinardó,La Barceloneta,41.36396512547563,2.2014701905839544,Shared room,291,12,196,2025-08-22,4.685544724598385,1,335
280,Listing 280,1606,Host 280,Gràcia,Sant Pere,41.35299735898727,2.2207483499521157,Entire home/apt,391,1,84,2025-12-17,1.5590106847788432,5,129
281,Listing 281,4170,Host 281,Ciutat Vella,El Raval,41.38079299415912,2.1404731080192323,Entire home/apt,142,11,124,2025-12-02,1.248860812232599,6,131
282,Listing 282,1699,Host 282,Gràcia,Barri Gòtic,41.420468076273664,2.2237574115270093,Entire home/apt,135,9,137,2025-07-30,3.2708007714304923,7,84
283,Listing 283,6088,Host 283,Eixample,Sants,41.3701853452123,2.174738352339518,Entire home/apt,93,9,82,2025-12-21,3.096195160267908,9,349
284,Listing 284,1190,Host 284,Sants-Montjuïc,El Raval,41.417343243332496,2.11155874187015,Entire home/apt,186,10,24,2026-03-14,1.6605489165406229,6,80
285,Listing 285,1980,Host 285,Ciutat Vella,El Raval,41.44699120461073,2.108782639386597,Entire home/apt,470,2,67,2025-12-23,4.640509177548933,5,324
286,Listing 286,3975,Host 286,Horta-Guinardó,Barri Gòtic,41.35939007157894,2.150135747804409,Entire home/apt,123,4,60,2025-11-10,4.224311637448164,7,68
287,Listing 287,7102,Host 287,Eixample,El Raval,41.417260211822516,2.21773454656672,Private room,85,13,28,2026-03-12,1.1199127293254056,1,147
288,Listing 288,2184,Host 288,Gràcia,Sants,41.39437502193046,2.2061521402111373,Private room,150,8,126,,1.1957127271726158,5,15
289,Listing 289,4327,Host 289,Eixample,Poble Sec,41.43681422543775,2.218292244700861,Entire home/apt,205,7,18,2025-05-02,2.561501734435403,2,306
290,Listing 290,4394,Host 290,Ciutat Vella,El Raval,41.36771497894474,2.1775903584662415,Entire home/apt,475,1,170,,3.8678605086536018,4,104
291,Listing 291,9319,Host 291,Gràcia,Poble Sec,41.41926259522262,2.1660298496933237,Entire home/apt,304,5,193,2025-09-22,0.22020189694232195,7,164
292,Listing 292,2816,Host 292,Sants-Montjuïc,Sants,41.43381152896481,2.1221178790059425,Entire home/apt,220,7,73,2025-07-19,3.466675768673533,5,200
293,Listing 293,6854,Host 293,Eixample,Barri Gòtic,41.4444614219474,2.1492289130413966,Entire home/apt,265,4,60,2026-03-22,3.241179486910485,6,196
294,Listing 294,7709,Host 294,Ciutat Vella,Sant Pere,41.41832480282897,2.1651029049260813,Entire home/apt,219,1,170,2025-09-19,1.157400479564941,2,184
295,Listing 295,1569,Host 295,Horta-Guinardó,El Raval,41.399717476400845,2.1132900644519426,Entire home/apt,301,9,152,2025-06-27,3.406765066206744,3,321
296,Listing 296,6442,Host 296,Gràcia,Sant Pere,41.41178472402012,2.133091792906682,Shared room,409,5,19,2026-04-12,4.700915956260413,7,264
297,Listing 297,2895,Host 297,Eixample,Sants,41.43689049844787,2.1897337941095607,Entire home/apt,371,11,47,2025-07-02,0.2339292248588426,2,362
298,Listing 298,3733,Host 298,Eixample,El Raval,41.407060974663885,2.2103494671358783,Entire home/apt,104,2,86,2026-04-19,1.5982602764603127,6,99
299,Listing 299,4863,Host 299,Sants-Montjuïc,Poble Sec,41.35303870596969,2.2497521267089424,Entire home/apt,481,8,151,2025-11-21,2.190883583331776,5,341
300,Listing 300,8455,Host 300,Sants-Montjuïc,La Barceloneta,41.4430948695507,2.2399669997015335,Entire home/apt,140,11,138,2025-09-20,4.496301794623448,1,319
301,Listing 301,5014,Host 301,Horta-Guinardó,Sant Pere,41.41895267510316,2.1963847799302787,Entire home/apt,327,13,109,2025-07-17,4.811307233045784,4,213
302,Listing 302,2686,Host 302,Horta-Guinardó,El Raval,41.41765133857773,2.163187207994111,Private room,150,2,182,2025-12-31,2.2205762324816614,2,277
303,Listing 303,4009,Host 303,Ciutat Vella,Sant Pere,41.371567515239775,2.1954266047062347,Entire home/apt,204,3,27,2025-12-04,3.7501420607109557,4,161
304,Listing 304,8806,Host 304,Ciutat Vella,El Raval,41.415888547023265,2.217847742712035,Entire home/apt,426,10,196,2026-04-08,2.658305118822415,1,156
305,Listing 305,1154,Host 305,Horta-Guinardó,Barri Gòtic,41.38938644056542,2.1177504286385083,Shared room,398,1,190,2025-05-15,2.6889146737068828,2,250
306,Listing 306,2409,Host 306,Horta-Guinardó,Poble Sec,41.41512329770415,2.1614857334544433,Private room,413,11,58,2025-09-27,1.390497575331782,8,96
307,Listing 307,1784,Host 307,Gràcia,Sant Pere,41.3606593030308,2.2259703428453426,Private room,190,2,132,2025-08-26,1.0847812293193977,6,17
308,Listing 308,9096,Host 308,Sants-Montjuïc,La Barceloneta,41.41578453046031,2.1575749427899567,Entire home/apt,222,7,50,2025-06-08,1.4400267296202056,2,326
309,Listing 309,8560,Host 309,Ciutat Vella,La Barceloneta,41.44994137257707,2.185780840684078,Private room,59,10,148,2025-10-03,2.7816400362853964,6,96
310,Listing 310,8343,Host 310,Sants-Montjuïc,Sants,41.354821203886054,2.1881654041293297,Entire home/apt,277,2,11,2025-05-18,0.14577593011044498,9,0
311,Listing 311,8206,Host 311,Sants-Montjuïc,El Raval,41.44771741842214,2.127671437970046,Entire home/apt,314,6,49,,4.536244721782029,7,215
312,Listing 312,6596,Host 312,Horta-Guinardó,Sant Pere,41.39069079607229,2.154335316247843,Entire home/apt,487,3,131,2026-02-12,0.7814185477488811,9,131
313,Listing 313,6801,Host 313,Gràcia,Sants,41.437075345033726,2.15017669331129,Entire home/apt,297,4,112,2026-01-19,1.1004433843569328,5,259
314,Listing 314,3806,Host 314,Eixample,Sant Pere,41.42823854840583,2.10392950627981,Entire home/apt,296,11,169,,2.591380882238232,7,124
315,Listing 315,1537,Host 315,Gràcia,El Raval,41.406701626098666,2.1036287645837035,Entire home/apt,204,13,165,2026-01-04,3.5505738316863966,7,81
316,Listing 316,6986,Host 316,Gràcia,La Barceloneta,41.423844920925134,2.2247545565513662,Shared room,83,8,152,2025-11-01,0.4786452737219865,3,282
317,Listing 317,2841,Host 317,Sants-Montjuïc,Barri Gòtic,41.437851556130134,2.140960621495922,Shared room,178,3,13,2025-10-10,1.5884734877358109,7,170
318,Listing 318,9716,Host 318,Gràcia,La Barceloneta,41.390414032165104,2.1777118149358223,Private room,209,10,31,2025-09-19,4.8433730278717855,1,58
319,Listing 319,7971,Host 319,Ciutat Vella,Sants,41.382703316156324,2.144808836038316,Entire home/apt,138,6,138,2026-03-12,1.3117148339047286,9,31
320,Listing 320,6625,Host 320,Sants-Montjuïc,Poble Sec,41.41675933855636,2.241101886767301,Private room,142,1,188,2025-07-20,1.5652507253157344,6,160
321,Listing 321,3950,Host 321,Ciutat Vella,Barri Gòtic,41.43078459419413,2.1388945138298663,Entire home/apt,376,7,145,,4.182492453090168,5,283
322,Listing 322,8992,Host 322,Eixample,Sants,41.42622851347767,2.1644485219108405,Private room,290,8,154,2025-12-29,0.25107215845227626,7,105
323,Listing 323,5780,Host 323,Sants-Montjuïc,El Raval,41.42978136488587,2.2309095375726904,Entire home/apt,372,11,54,2025-05-24,2.323065844044854,5,104
324,Listing 324,3368,Host 324,Eixample,Barri Gòtic,41.393558331481294,2.2262900350187715,Private room,453,8,181,,1.8980838222583514,5,227
325,Listing 325,7655,Host 325,Sants-Montjuïc,Sants,41.4317834216175,2.1279152126769416,Entire home/apt,166,3,119,,1.5829337995432557,7,187
326,Listing 326,9173,Host 326,Horta-Guinardó,El Raval,41.362020905537065,2.2203964964693568,Private room,143,10,74,2026-04-12,1.4284979702238227,7,69
327,Listing 327,5495,Host 327,Gràcia,La Barceloneta,41.40444890979609,2.1687280330106837,Shared room,212,1,20,2025-12-21,0.456870524302046,3,317
328,Listing 328,7002,Host 328,Horta-Guinardó,Poble Sec,41.350575866049816,2.1724453308128036,Entire home/apt,148,9,171,,1.5741291467582441,3,289
329,Listing 329,7614,Host 329,Eixample,El Raval,41.382458582990026,2.1200219958623916,Entire home/apt,162,13,132,2025-07-08,0.21526201357834285,3,86
330,Listing 330,6919,Host 330,Gràcia,Sant Pere,41.38664615348714,2.1120902270635686,Shared room,408,6,86,2025-08-27,3.9048193182221764,6,361
331,Listing 331,1853,Host 331,Sants-Montjuïc,El Raval,41.38961726916093,2.209190896046065,Entire home/apt,140,11,168,2025-10-16,1.9911389697900583,6,55
332,Listing 332,5146,Host 332,Gràcia,El Raval,41.41954672066899,2.174469172853295,Private room,395,9,58,,2.2195191615995578,3,112
333,Listing 333,4769,Host 333,Ciutat Vella,Poble Sec,41.38885581012703,2.165527605392277,Entire home/apt,255,7,88,2026-02-23,4.467972932250658,3,12
334,Listing 334,1574,Host 334,Gràcia,Sant Pere,41.394869362262256,2.2094262342978594,Entire home/apt,66,1,181,2026-01-29,3.290274919306104,8,17
335,Listing 335,2148,Host 335,Ciutat Vella,Sants,41.37375441308743,2.2148269348486664,Entire home/apt,323,12,149,2026-02-26,0.040295516710598944,8,181
336,Listing 336,7293,Host 336,Gràcia,Sants,41.387325179162936,2.123836225150403,Entire home/apt,222,12,82,2025-11-14,4.715874114806425,7,112
337,Listing 337,7457,Host 337,Ciutat Vella,El Raval,41.37272696272632,2.1915337724216464,Private room,165,1,64,2025-10-12,1.1857223298885562,4,228
338,Listing 338,8509,Host 338,Eixample,Sant Pere,41.35731959237685,2.1203031123416527,Entire home/apt,398,6,63,2026-01-11,0.5380709237992942,4,170
339,Listing 339,5777,Host 339,Horta-Guinardó,Sant Pere,41.41034485933814,2.212706262904357,Entire home/apt,230,5,70,,3.8406408919044113,3,294
340,Listing 340,4854,Host 340,Sants-Montjuïc,Poble Sec,41.416821279855505,2.198543273440071,Entire home/apt,140,9,3,2025-06-05,2.502386579333591,5,188
341,Listing 341,3491,Host 341,Gràcia,La Barceloneta,41.411949034600966,2.2434921931625187,Entire home/apt,131,2,192,2025-05-01,2.1688528300900876,3,78
342,Listing 342,4124,Host 342,Horta-Guinardó,Sants,41.39634940438006,2.1103437024534633,Private room,373,8,142,2025-05-07,1.2475153984137088,8,145
343,Listing 343,6691,Host 343,Sants-Montjuïc,Poble Sec,41.38797857801792,2.1085582081726884,Shared room,498,11,103,2026-02-20,2.737357449311593,7,181
344,Listing 344,4051,Host 344,Sants-Montjuïc,Barri Gòtic,41.436333364957186,2.14232806120398,Entire home/apt,163,5,149,2025-07-07,1.3719230260129374,3,285
345,Listing 345,1004,Host 345,Ciutat Vella,Sants,41.40190817851362,2.1392558525603858,Private room,306,2,174,2025-10-27,4.507915026435338,9,249
346,Listing 346,6222,Host 346,Eixample,Poble Sec,41.397918187762976,2.1370468198608,Private room,107,13,92,2025-05-19,1.0760223986659638,5,353
347,Listing 347,6315,Host 347,Eixample,Sants,41.352564206580645,2.2359381870781556,Entire home/apt,203,10,173,2025-08-06,4.4217757522787675,9,313
348,Listing 348,5869,Host 348,Horta-Guinardó,La Barceloneta,41.38412478276262,2.137431929977426,Shared room,414,11,141,2026-04-16,2.7970271286367847,7,195
349,Listing 349,1876,Host 349,Eixample,Barri Gòtic,41.388019561878586,2.140792458919295,Entire home/apt,453,11,177,2025-08-15,4.142440669476205,7,322
350,Listing 350,8027,Host 350,Gràcia,La Barceloneta,41.389882278089694,2.2139097393626948,Entire home/apt,165,12,147,,3.564229979304775,6,70
351,Listing 351,5142,Host 351,Eixample,Barri Gòtic,41.40801723692274,2.167460976367581,Private room,392,6,177,2025-06-01,3.483475557183743,2,247
352,Listing 352,7966,Host 352,Horta-Guinardó,El Raval,41.40336025467269,2.216506583543277,Entire home/apt,315,10,111,2025-08-30,1.6217290384752787,9,145
353,Listing 353,8079,Host 353,Eixample,Poble Sec,41.410790509279344,2.1098049236346577,Private room,364,8,160,2025-09-12,1.1694846573610174,6,105
354,Listing 354,8987,Host 354,Gràcia,Barri Gòtic,41.426488326154214,2.1731356790510077,Private room,252,4,118,,1.0544311384039406,8,262
355,Listing 355,7799,Host 355,Ciutat Vella,La Barceloneta,41.431298573871615,2.1050420400274925,Entire home/apt,90,2,58,2025-05-24,4.285958285297943,1,295
356,Listing 356,5465,Host 356,Horta-Guinardó,Sants,41.42181230762265,2.1093979805183034,Private room,154,12,42,2025-07-21,4.1021341012951,5,69
357,Listing 357,1635,Host 357,Ciutat Vella,Barri Gòtic,41.4455523695955,2.2359656180016616,Entire home/apt,438,11,11,2025-08-27,2.2028676400615366,1,192
358,Listing 358,2693,Host 358,Ciutat Vella,Poble Sec,41.351823258267636,2.1208868056676393,Entire home/apt,427,5,39,2025-06-23,0.662023067482273,8,67
359,Listing 359,5752,Host 359,Ciutat Vella,Barri Gòtic,41.36957779856836,2.1798631023412827,Private room,242,12,117,2025-12-18,1.9112612598872918,8,304
360,Listing 360,9311,Host 360,Sants-Montjuïc,Sant Pere,41.350756287497816,2.161664340390106,Shared room,450,2,19,2026-03-09,3.096717270684557,1,51
361,Listing 361,1830,Host 361,Sants-Montjuïc,Sants,41.41474747141546,2.1521014989388263,Entire home/apt,327,2,165,2025-09-04,2.2720157723997643,9,362
362,Listing 362,6177,Host 362,Ciutat Vella,Poble Sec,41.439803054895,2.234975001853091,Entire home/apt,403,6,130,2025-08-28,3.900946342414975,2,284
363,Listing 363,9932,Host 363,Horta-Guinardó,Poble Sec,41.374348229657635,2.1032735095163235,Private room,286,11,155,2025-05-15,4.988114111256927,9,333
364,Listing 364,9308,Host 364,Gràcia,El Raval,41.442703454479634,2.1995684529263384,Private room,474,10,183,2026-04-08,0.9556604422444842,1,8
365,Listing 365,6949,Host 365,Gràcia,La Barceloneta,41.356026739028955,2.2445091651320324,Private room,270,9,89,2025-11-07,2.2982540982978623,9,250
366,Listing 366,3838,Host 366,Eixample,El Raval,41.44344360268055,2.1840252275192764,Entire home/apt,117,13,93,,2.15491950960411,4,331
367,Listing 367,2150,Host 367,Horta-Guinardó,Poble Sec,41.38516226872397,2.240523369304964,Entire home/apt,246,4,12,2025-12-11,1.5224626637447543,9,297
368,Listing 368,8560,Host 368,Sants-Montjuïc,Sants,41.36014208284492,2.1078386818929036,Entire home/apt,305,6,65,2025-06-21,0.9904775836014479,7,183
369,Listing 369,2931,Host 369,Ciutat Vella,Barri Gòtic,41.398587175918635,2.162818997861124,Private room,188,7,36,2025-12-02,0.3284605824482961,6,178
370,Listing 370,2664,Host 370,Eixample,Barri Gòtic,41.375677656772055,2.139023668644308,Entire home/apt,361,13,176,2025-08-01,4.435596586118492,5,197
371,Listing 371,2081,Host 371,Gràcia,Sants,41.3784872901962,2.2096231447471095,Entire home/apt,484,11,65,2026-03-10,2.099243488431588,9,127
372,Listing 372,1512,Host 372,Sants-Montjuïc,Poble Sec,41.38072899649263,2.247194563574587,Shared room,198,6,35,2025-09-26,2.4844775925002445,2,19
373,Listing 373,8805,Host 373,Sants-Montjuïc,Barri Gòtic,41.43030258978327,2.138479509366637,Entire home/apt,148,8,181,2025-12-20,4.584710241004579,2,327
374,Listing 374,6237,Host 374,Ciutat Vella,Barri Gòtic,41.40391612766753,2.198126190221111,Shared room,125,4,25,2025-05-27,3.8814523875797393,9,64
375,Listing 375,1559,Host 375,Gràcia,Barri Gòtic,41.3811307699156,2.1297146449139612,Private room,331,12,74,2025-09-05,0.6525063205859211,3,181
376,Listing 376,4672,Host 376,Horta-Guinardó,La Barceloneta,41.41103337833109,2.1847995381857417,Private room,420,1,199,2026-03-06,2.827099838038712,8,240
377,Listing 377,8404,Host 377,Sants-Montjuïc,La Barceloneta,41.42161506742232,2.1695898730032503,Entire home/apt,452,7,107,2025-09-27,2.2112613825977956,9,23
378,Listing 378,4343,Host 378,Ciutat Vella,Sant Pere,41.377262400073356,2.2458007994447304,Entire home/apt,158,3,167,2025-11-17,3.986055362893814,8,82
379,Listing 379,5070,Host 379,Horta-Guinardó,El Raval,41.391354910152536,2.19127909090447,Private room,237,6,42,2025-10-16,3.621162738059746,4,318
380,Listing 380,1580,Host 380,Gràcia,Sants,41.3621886093337,2.152425955813023,Private room,248,2,149,2025-07-25,3.45202860955536,1,184
381,Listing 381,8004,Host 381,Sants-Montjuïc,Sants,41.36811493495347,2.11711436773319,Private room,352,9,147,2025-07-15,1.7027241773994843,4,315
382,Listing 382,9130,Host 382,Horta-Guinardó,Sants,41.4181117853965,2.1226870243102405,Entire home/apt,376,1,7,2025-04-28,4.024818651996273,9,98
383,Listing 383,4147,Host 383,Horta-Guinardó,Sant Pere,41.36814383476956,2.133797539492685,Private room,203,6,28,2025-11-17,0.2619564779743061,2,61
384,Listing 384,5249,Host 384,Horta-Guinardó,La Barceloneta,41.40251633836671,2.137644999201045,Private room,89,6,39,2026-02-20,0.7981245071608362,3,285
385,Listing 385,2679,Host 385,Sants-Montjuïc,Poble Sec,41.420904626172245,2.2275924086761707,Private room,182,5,157,2025-11-12,1.6781163648895587,8,21
386,Listing 386,4506,Host 386,Sants-Montjuïc,Poble Sec,41.360687692309476,2.184183418242379,Private room,454,13,127,,0.3840372053464064,6,211
387,Listing 387,8253,Host 387,Eixample,Sant Pere,41.40673122196289,2.178508636706155,Private room,181,5,83,2025-05-04,1.174971387673458,8,125
388,Listing 388,3744,Host 388,Gràcia,Poble Sec,41.37565627837014,2.1172153307803825,Private room,328,1,115,,4.150754914989591,7,41
389,Listing 389,6188,Host 389,Ciutat Vella,Sants,41.44629268752376,2.229020954002415,Entire home/apt,411,10,182,2025-08-18,4.741257688950396,5,97
390,Listing 390,3141,Host 390,Horta-Guinardó,El Raval,41.398354564672,2.2084221454812725,Entire home/apt,133,12,143,2025-06-25,1.5230117788709525,9,30
391,Listing 391,7617,Host 391,Eixample,Barri Gòtic,41.430599254977515,2.110150254285,Entire home/apt,448,5,173,2025-07-28,1.3225790199441911,4,157
392,Listing 392,3479,Host 392,Ciutat Vella,La Barceloneta,41.40502265421563,2.2061752645844654,Entire home/apt,291,2,61,2026-03-02,1.3994632612321345,6,111
393,Listing 393,7484,Host 393,Eixample,La Barceloneta,41.35434125328548,2.181530732601397,Entire home/apt,165,7,6,2025-11-22,1.388595436754219,2,246
394,Listing 394,8421,Host 394,Sants-Montjuïc,Sant Pere,41.4133151375594,2.112258801862017,Entire home/apt,158,3,44,2026-01-21,0.17965091092986496,2,121
395,Listing 395,5452,Host 395,Horta-Guinardó,La Barceloneta,41.44514033422067,2.1687450962292987,Entire home/apt,270,13,186,2025-04-25,4.63458173165554,2,272
396,Listing 396,6881,Host 396,Ciutat Vella,Sants,41.41016118201463,2.1727044430695073,Entire home/apt,441,4,183,2025-12-03,1.068490707851642,7,293
397,Listing 397,7665,Host 397,Ciutat Vella,Poble Sec,41.43191888594268,2.1248661810244913,Private room,90,3,175,,2.100020370407025,2,206
398,Listing 398,3849,Host 398,Ciutat Vella,Sants,41.43842064633484,2.2418547220500424,Shared room,417,3,154,,0.0484344137048387,2,109
399,Listing 399,8390,Host 399,Ciutat Vella,Sant Pere,41.372807977194896,2.227496305722099,Entire home/apt,196,4,180,2026-02-17,4.2897754545752855,9,277
400,Listing 400,7905,Host 400,Ciutat Vella,Sants,41.37120448399082,2.200353350599366,Shared room,161,5,87,2025-08-14,3.655786722274586,7,55
401,Listing 401,3489,Host 401,Eixample,Poble Sec,41.4110980988851,2.1693443341500913,Entire home/apt,152,1,72,,4.733780175868516,3,56
402,Listing 402,5611,Host 402,Horta-Guinardó,El Raval,41.39110284698067,2.1617648312376763,Entire home/apt,95,4,162,,3.908077395981995,3,290
403,Listing 403,3839,Host 403,Sants-Montjuïc,Sant Pere,41.43398613028668,2.1976460200726433,Entire home/apt,461,12,178,2025-08-20,1.5685325602603262,7,113
404,Listing 404,9527,Host 404,Sants-Montjuïc,El Raval,41.44000231233981,2.181814780411036,Entire home/apt,373,12,36,2026-01-18,1.2393667936421182,5,307
405,Listing 405,6878,Host 405,Sants-Montjuïc,Barri Gòtic,41.38534213793027,2.109340965882283,Private room,427,11,118,2025-12-14,3.4885815377664646,6,340
406,Listing 406,7303,Host 406,Sants-Montjuïc,El Raval,41.37368705589745,2.1768753973155497,Private room,320,8,56,2025-08-21,1.820563875052497,8,197
407,Listing 407,1851,Host 407,Eixample,Barri Gòtic,41.42805255152439,2.220960542584926,Entire home/apt,470,10,7,,2.831075078763083,9,320
408,Listing 408,2687,Host 408,Gràcia,Barri Gòtic,41.377480603554815,2.168885981639544,Entire home/apt,434,7,94,,0.03128735513235115,1,178
409,Listing 409,7833,Host 409,Horta-Guinardó,El Raval,41.43226143185137,2.1077934866331405,Entire home/apt,244,9,116,2025-07-01,0.30942850840237623,3,218
410,Listing 410,3427,Host 410,Ciutat Vella,Sant Pere,41.39237382536488,2.217941729907605,Entire home/apt,416,5,109,2026-03-26,2.676839705908256,7,276
411,Listing 411,5000,Host 411,Gràcia,Poble Sec,41.41675498992915,2.1302045673203964,Entire home/apt,329,13,19,,2.8303582322408256,6,15
412,Listing 412,6052,Host 412,Sants-Montjuïc,Sants,41.35955353138347,2.1387931252332057,Entire home/apt,332,10,123,2025-11-18,3.757264722296718,7,60
413,Listing 413,3738,Host 413,Gràcia,Sants,41.41238593246766,2.1247059530148444,Private room,89,4,52,,0.6598265981198087,8,53
414,Listing 414,6732,Host 414,Horta-Guinardó,Poble Sec,41.39517676787373,2.1495322597307247,Shared room,496,8,118,2025-07-11,2.565915418783894,6,167
415,Listing 415,6387,Host 415,Ciutat Vella,Barri Gòtic,41.40866084631755,2.2135127258532954,Entire home/apt,238,9,11,2025-06-16,0.972238222158443,3,25
416,Listing 416,9002,Host 416,Ciutat Vella,Barri Gòtic,41.366801420774486,2.177907878925591,Shared room,213,13,176,2025-06-10,0.46598059781347345,2,335
417,Listing 417,6536,Host 417,Horta-Guinardó,Sant Pere,41.42368737449442,2.130732191122607,Entire home/apt,73,7,16,2025-07-29,2.052478970302773,7,64
418,Listing 418,4913,Host 418,Horta-Guinardó,La Barceloneta,41.43627970775432,2.2316745117228063,Entire home/apt,73,7,63,2025-09-08,0.8166832404452862,1,99
419,Listing 419,2066,Host 419,Sants-Montjuïc,El Raval,41.37167398000908,2.2319372782427296,Entire home/apt,53,5,41,2025-06-25,1.108909890961593,3,73
420,Listing 420,8723,Host 420,Ciutat Vella,Barri Gòtic,41.359571455552015,2.230586763756901,Private room,372,4,93,2025-11-17,1.5877728993475086,4,191
421,Listing 421,5380,Host 421,Gràcia,Sants,41.35236385860463,2.135819431707231,Shared room,339,10,156,2026-03-23,1.2969420037159813,1,170
422,Listing 422,5107,Host 422,Eixample,Sant Pere,41.41419715004433,2.167685901627148,Private room,490,1,146,2026-03-03,0.437956487029732,5,272
423,Listing 423,6726,Host 423,Eixample,El Raval,41.410709403608884,2.2477484484211314,Entire home/apt,482,10,10,2026-01-06,0.44958122429851144,3,186
424,Listing 424,4373,Host 424,Horta-Guinardó,Sant Pere,41.40466974127141,2.2158018714464984,Private room,230,10,97,2025-12-08,0.9662470761708408,2,22
425,Listing 425,9945,Host 425,Sants-Montjuïc,El Raval,41.373194709611596,2.1040751131838342,Entire home/apt,297,7,177,2026-02-01,0.25279593979769477,3,180
426,Listing 426,3082,Host 426,Eixample,El Raval,41.38909059959055,2.109780688689074,Private room,165,1,70,2025-07-14,3.1322850983846355,8,326
427,Listing 427,9967,Host 427,Ciutat Vella,Poble Sec,41.40944763351862,2.16958970652185,Entire home/apt,328,1,107,,1.4366335825445098,6,107
428,Listing 428,7748,Host 428,Horta-Guinardó,Barri Gòtic,41.39967668588592,2.236383030879234,Entire home/apt,414,5,57,,1.398729838845355,7,334
429,Listing 429,1417,Host 429,Gràcia,Sant Pere,41.448778552021494,2.180805269692907,Entire home/apt,118,13,33,2025-06-22,1.659991471188826,6,161
430,Listing 430,9306,Host 430,Horta-Guinardó,Sant Pere,41.36364397525568,2.1746718762051436,Private room,400,9,19,2026-04-06,3.3139813710486083,6,301
431,Listing 431,9808,Host 431,Gràcia,Poble Sec,41.41951445540476,2.1158210549934946,Entire home/apt,303,6,49,2025-04-26,4.353169407417453,3,205
432,Listing 432,4974,Host 432,Horta-Guinardó,Sants,41.39043187681043,2.198517015708644,Private room,230,3,101,2025-09-02,3.795434662778192,8,77
433,Listing 433,4267,Host 433,Horta-Guinardó,Sants,41.39281996149256,2.223315474090034,Entire home/apt,367,13,137,,3.637646151125475,7,15
434,Listing 434,1825,Host 434,Horta-Guinardó,Barri Gòtic,41.42175977656582,2.1570630011261342,Private room,218,3,159,2025-12-08,2.4219559280042464,7,326
435,Listing 435,8668,Host 435,Gràcia,Barri Gòtic,41.41924361513244,2.216341777638799,Private room,362,7,51,2025-06-06,3.469027784837059,6,95
436,Listing 436,6745,Host 436,Gràcia,La Barceloneta,41.44912559937022,2.244671498085122,Private room,298,6,14,2026-01-11,2.7638118401679157,5,146
437,Listing 437,1412,Host 437,Horta-Guinardó,Poble Sec,41.36283942894541,2.1305649688691535,Entire home/apt,237,9,83,2025-07-18,1.0812526409326444,8,1
438,Listing 438,8543,Host 438,Eixample,Sants,41.36041096493842,2.178499444679211,Entire home/apt,103,6,130,2026-02-05,1.0429418387052536,5,9
439,Listing 439,8587,Host 439,Sants-Montjuïc,El Raval,41.42243388171288,2.143070693712686,Entire home/apt,375,5,36,2026-02-09,1.4819600343764172,9,124
440,Listing 440,1728,Host 440,Sants-Montjuïc,Sant Pere,41.40783869170064,2.218928162855076,Private room,406,10,125,,4.554013354849066,9,80
441,Listing 441,8164,Host 441,Sants-Montjuïc,Barri Gòtic,41.37741606665598,2.1866390048821738,Entire home/apt,362,7,39,,2.737074201898629,1,139
442,Listing 442,9867,Host 442,Gràcia,Sant Pere,41.357941936898904,2.1951873626325455,Entire home/apt,187,1,71,2025-07-05,3.669526885009347,6,325
443,Listing 443,6988,Host 443,Gràcia,Sant Pere,41.35856582495965,2.2196871239423843,Entire home/apt,217,12,39,2025-09-10,1.732793799082738,7,149
444,Listing 444,3504,Host 444,Eixample,La Barceloneta,41.43941908746641,2.159395570899368,Entire home/apt,440,7,55,,2.0385788533261264,3,287
445,Listing 445,3967,Host 445,Sants-Montjuïc,Sants,41.369186732471874,2.2372635102610565,Private room,152,3,150,2025-04-29,0.6278278931862569,7,360
446,Listing 446,3786,Host 446,Sants-Montjuïc,Barri Gòtic,41.382337156211555,2.179954330086921,Entire home/apt,471,9,103,2025-12-04,0.8564747891083518,7,339
447,Listing 447,2122,Host 447,Horta-Guinardó,Sant Pere,41.3726656402227,2.123693223425302,Private room,134,6,138,2025-08-13,4.136782774130728,2,128
448,Listing 448,5079,Host 448,Gràcia,Barri Gòtic,41.3854996305832,2.2043848677253206,Entire home/apt,366,9,109,2025-06-20,2.9241931584444103,7,238
449,Listing 449,2571,Host 449,Sants-Montjuïc,El Raval,41.35694238427461,2.218989202565738,Entire home/apt,261,13,191,,1.6876623294190947,1,57
450,Listing 450,6073,Host 450,Eixample,La Barceloneta,41.40190597909083,2.147514251560129,Entire home/apt,52,5,135,2025-11-08,4.01425604497773,5,197
451,Listing 451,6104,Host 451,Eixample,El Raval,41.35676125635922,2.2285768885498127,Entire home/apt,433,7,92,2026-04-09,1.232599528189915,9,210
452,Listing 452,3143,Host 452,Sants-Montjuïc,Barri Gòtic,41.43003565078224,2.235921488214865,Entire home/apt,228,13,93,,4.880163493001019,7,44
453,Listing 453,7806,Host 453,Gràcia,Barri Gòtic,41.373371208191045,2.1415356731066715,Private room,391,4,55,2025-07-02,1.7240880387308488,7,96
454,Listing 454,8357,Host 454,Eixample,Sants,41.40400119146045,2.247528220907283,Entire home/apt,352,7,59,2026-04-12,1.686554770756138,2,278
455,Listing 455,4440,Host 455,Horta-Guinardó,Sant Pere,41.43800790875615,2.121106729207314,Private room,381,13,137,2025-05-13,1.5595595276835261,8,22
456,Listing 456,4766,Host 456,Eixample,Sant Pere,41.415087736904724,2.1303023502603735,Entire home/apt,87,1,38,2025-07-01,0.6105575796214396,3,334
457,Listing 457,6644,Host 457,Ciutat Vella,El Raval,41.403295778655135,2.127633725885704,Entire home/apt,469,7,27,,0.555685736660062,8,43
458,Listing 458,3914,Host 458,Ciutat Vella,La Barceloneta,41.38243337531154,2.2340984565011808,Private room,288,8,48,2025-08-25,3.240525172670617,3,26
459,Listing 459,5968,Host 459,Gràcia,Poble Sec,41.38330019130582,2.1981438828487443,Entire home/apt,218,5,163,2025-09-08,4.375590222790235,7,281
460,Listing 460,6917,Host 460,Sants-Montjuïc,Sant Pere,41.41694869551982,2.122815642483341,Entire home/apt,446,2,124,2026-01-20,3.9526025513583676,2,96
461,Listing 461,9787,Host 461,Gràcia,Sants,41.44941393612212,2.1660485127552525,Entire home/apt,392,5,12,2025-09-11,0.7055379701067555,4,35
462,Listing 462,1728,Host 462,Gràcia,El Raval,41.41618391898494,2.1922947037604703,Entire home/apt,363,6,35,2025-08-14,2.7279106089603324,6,108
463,Listing 463,2365,Host 463,Gràcia,El Raval,41.405778341737005,2.1125196127484074,Private room,355,12,100,2025-08-25,0.5279577298832,9,54
464,Listing 464,5492,Host 464,Gràcia,Poble Sec,41.423065051023926,2.232362455261101,Entire home/apt,79,2,25,2025-11-03,0.22647321806538723,5,191
465,Listing 465,1698,Host 465,Horta-Guinardó,Sants,41.39652056122837,2.22054053031623,Private room,239,6,85,2026-02-28,3.281929296923836,9,218
466,Listing 466,8186,Host 466,Horta-Guinardó,La Barceloneta,41.35601423426008,2.175781016036496,Private room,406,6,3,2025-11-05,2.6757616684017513,5,184
467,Listing 467,1395,Host 467,Eixample,Sants,41.406229681587796,2.245068992288876,Entire home/apt,74,1,81,2025-08-12,0.41011842605735427,8,68
468,Listing 468,8400,Host 468,Ciutat Vella,La Barceloneta,41.445762528450544,2.162664146891265,Shared room,161,1,191,2025-09-29,0.17469623202994222,1,316
469,Listing 469,9082,Host 469,Gràcia,Sants,41.36753029423577,2.2476165478554746,Entire home/apt,460,11,165,2025-07-15,4.948782067046674,7,129
470,Listing 470,5171,Host 470,Eixample,Sants,41.419000489082066,2.2001879998205442,Shared room,484,10,126,,0.1501066607453594,4,54
471,Listing 471,5360,Host 471,Ciutat Vella,Barri Gòtic,41.37009336886591,2.1952006909880915,Entire home/apt,255,3,87,,2.222641265250798,5,96
472,Listing 472,3502,Host 472,Sants-Montjuïc,El Raval,41.40358276844731,2.1248932342943676,Private room,234,10,126,2026-02-22,2.5230951230384777,6,335
473,Listing 473,1717,Host 473,Horta-Guinardó,Sants,41.359667644964674,2.2322891637456967,Entire home/apt,431,10,119,2025-09-28,0.5864007390022252,5,86
474,Listing 474,3782,Host 474,Ciutat Vella,Poble Sec,41.395037093625824,2.1641234531880924,Entire home/apt,428,12,21,2026-04-22,0.8453088921985813,1,293
475,Listing 475,5946,Host 475,Sants-Montjuïc,Sants,41.425616332889525,2.124335010867372,Private room,96,3,129,2025-07-19,1.7590250320517624,9,118
476,Listing 476,6486,Host 476,Ciutat Vella,Sant Pere,41.3847571524239,2.101891127996364,Private room,423,4,30,2026-03-26,3.8083793810683133,2,207
477,Listing 477,9335,Host 477,Horta-Guinardó,El Raval,41.41649117244872,2.1839633525457574,Entire home/apt,277,2,118,,2.5354121203013333,9,333
478,Listing 478,5980,Host 478,Horta-Guinardó,Sant Pere,41.429544996078974,2.1791099433184016,Entire home/apt,88,9,10,2025-08-10,3.1895093727648076,2,153
479,Listing 479,8266,Host 479,Eixample,El Raval,41.44271778194795,2.207903043355374,Private room,65,10,45,2026-03-27,4.9258727754533735,9,34
480,Listing 480,5491,Host 480,Gràcia,Sant Pere,41.373464208185545,2.2335387079526705,Private room,71,12,95,2025-07-15,3.840027176566048,6,78
481,Listing 481,8192,Host 481,Ciutat Vella,Sants,41.38993159158093,2.1119109876964544,Shared room,262,11,189,,2.1718074907060885,9,66
482,Listing 482,6588,Host 482,Ciutat Vella,Sants,41.36524160133305,2.2097244735510544,Private room,359,7,196,2025-04-30,2.2322096089827435,6,342
483,Listing 483,8651,Host 483,Sants-Montjuïc,Barri Gòtic,41.44924835021584,2.1281117916146375,Shared room,198,7,191,2026-04-08,3.093860385205025,6,33
484,Listing 484,4636,Host 484,Horta-Guinardó,Poble Sec,41.442700096792436,2.2287265579735744,Private room,290,6,9,2025-06-15,3.3268260420945217,2,96
485,Listing 485,2167,Host 485,Ciutat Vella,Sant Pere,41.40399571302806,2.2228595270792484,Entire home/apt,321,3,167,2025-04-24,2.5035546291833564,8,168
486,Listing 486,2062,Host 486,Horta-Guinardó,La Barceloneta,41.43420332943764,2.1811190632478317,Entire home/apt,108,6,127,,3.2243061140748996,3,168
487,Listing 487,3156,Host 487,Ciutat Vella,Barri Gòtic,41.402095797727206,2.2065364197934967,Private room,336,12,151,2025-07-14,0.11766247207049385,7,150
488,Listing 488,8860,Host 488,Eixample,Sant Pere,41.41235856880028,2.1471525169775623,Private room,475,8,98,2025-12-28,2.1481143194842205,5,70
489,Listing 489,6161,Host 489,Gràcia,Sant Pere,41.3589124432116,2.170675184839922,Entire home/apt,251,8,171,2026-02-23,1.3946903803673838,3,2
490,Listing 490,6305,Host 490,Ciutat Vella,Barri Gòtic,41.42552704204968,2.223245534656571,Entire home/apt,81,11,111,2026-02-21,0.645872226215552,1,313
491,Listing 491,7541,Host 491,Horta-Guinardó,Sants,41.36277134836352,2.168889779575982,Shared room,492,13,59,2026-02-03,0.49773256404387567,8,31
492,Listing 492,5729,Host 492,Eixample,Sant Pere,41.432606763025255,2.1536697397988163,Entire home/apt,211,9,189,2025-11-24,3.0159608280733377,3,286
493,Listing 493,8330,Host 493,Ciutat Vella,Sants,41.42820280876704,2.174131867087545,Entire home/apt,304,1,86,2025-12-04,2.6180027357630586,2,81
494,Listing 494,6334,Host 494,Sants-Montjuïc,Barri Gòtic,41.4208744697743,2.224237387865583,Entire home/apt,303,1,144,2025-08-18,1.2679205849818458,1,42
495,Listing 495,9924,Host 495,Gràcia,Sants,41.35361603805248,2.150281207105631,Entire home/apt,58,3,64,2025-12-19,2.3547502938625726,4,104
496,Listing 496,5330,Host 496,Ciutat Vella,El Raval,41.38031283559454,2.1260642389703617,Entire home/apt,188,3,56,2026-02-07,2.4611615759120413,8,0
497,Listing 497,9010,Host 497,Eixample,La Barceloneta,41.37631125699109,2.206802103049617,Entire home/apt,59,10,182,2025-06-20,0.975044902193079,3,60
498,Listing 498,7801,Host 498,Sants-Montjuïc,Sant Pere,41.38601364074715,2.2238967319062124,Entire home/apt,263,8,105,2026-02-12,3.260465309408253,1,269
499,Listing 499,5846,Host 499,Eixample,Poble Sec,41.35876427467638,2.11509562177853,Private room,322,10,180,2025-12-02,3.904596781930452,4,179
500,Listing 500,7731,Host 500,Eixample,La Barceloneta,41.44369578230311,2.135981116913392,Entire home/apt,373,1,183,2025-09-22,3.957317704447595,9,223
